[{"open_price":"1.20","close_price":"10.00","max_price":10,"min_price":1.2,"vol":0,"time":1539772596,"cur_id":2},{"open_price":"1.20","close_price":"10.00","max_price":10,"min_price":1.2,"vol":0,"time":1539772638,"cur_id":2},{"open_price":"1.20","close_price":"10.00","max_price":10,"min_price":1.2,"vol":0,"time":1539772642,"cur_id":2},{"open_price":"1.20","close_price":"10.00","max_price":10,"min_price":1.2,"vol":0,"time":1539772646,"cur_id":2},{"open_price":"1.20","close_price":"10.00","max_price":10,"min_price":1.2,"vol":0,"time":1539772650,"cur_id":2},{"open_price":"1.20","close_price":"10.00","max_price":10,"min_price":1.2,"vol":0,"time":1539772654,"cur_id":2},{"open_price":"1.20","close_price":"10.00","max_price":10,"min_price":1.2,"vol":0,"time":1539772658,"cur_id":2},{"open_price":"1.20","close_price":"10.00","max_price":10,"min_price":1.2,"vol":0,"time":1539772662,"cur_id":2},{"open_price":"1.20","close_price":"10.00","max_price":10,"min_price":1.2,"vol":0,"time":1539772666,"cur_id":2},{"open_price":"1.20","close_price":"10.00","max_price":10,"min_price":1.2,"vol":0,"time":1539772670,"cur_id":2},{"open_price":"1.20","close_price":"10.00","max_price":10,"min_price":1.2,"vol":0,"time":1539772674,"cur_id":2},{"open_price":"1.20","close_price":"10.00","max_price":10,"min_price":1.2,"vol":0,"time":1539772678,"cur_id":2},{"open_price":"1.20","close_price":"10.00","max_price":10,"min_price":1.2,"vol":0,"time":1539772682,"cur_id":2},{"open_price":"1.20","close_price":"10.00","max_price":10,"min_price":1.2,"vol":0,"time":1539772686,"cur_id":2},{"open_price":"1.20","close_price":"10.00","max_price":10,"min_price":1.2,"vol":0,"time":1539772690,"cur_id":2}]